activation_name,decision,memory_size_bytes,recomp_time_s,creation_rank,first_bw_use_rank
convolution,CHECKPOINT,12845056,0.012544,2336,4926
getitem_1,CHECKPOINT,256,1e-06,2340,4926
getitem_2,CHECKPOINT,256,1e-06,2341,4926
relu_,CHECKPOINT,12845056,0.012544,2343,4924
getitem_4,RECOMPUTE,3211264,0.003136,2345,4897
getitem_5,CHECKPOINT,6422528,0.006272,2346,4924
convolution_1,CHECKPOINT,3211264,0.003136,2347,4916
getitem_7,CHECKPOINT,256,1e-06,2351,4916
getitem_8,CHECKPOINT,256,1e-06,2352,4916
relu__1,RECOMPUTE,3211264,0.003136,2354,4912
convolution_2,CHECKPOINT,3211264,0.003136,2355,4908
getitem_11,CHECKPOINT,256,1e-06,2359,4908
getitem_12,CHECKPOINT,256,1e-06,2360,4908
relu__2,CHECKPOINT,3211264,0.003136,2362,4904
convolution_3,RECOMPUTE,12845056,0.012544,2363,4900
getitem_15,CHECKPOINT,1024,1e-06,2367,4900
getitem_16,CHECKPOINT,1024,1e-06,2368,4900
convolution_4,CHECKPOINT,12845056,0.012544,2370,4893
getitem_19,CHECKPOINT,1024,1e-06,2374,4893
getitem_20,CHECKPOINT,1024,1e-06,2375,4893
relu__3,CHECKPOINT,12845056,0.012544,2378,4888
convolution_5,CHECKPOINT,3211264,0.003136,2379,4884
getitem_23,CHECKPOINT,256,1e-06,2383,4884
getitem_24,CHECKPOINT,256,1e-06,2384,4884
relu__4,CHECKPOINT,3211264,0.003136,2386,4880
convolution_6,CHECKPOINT,3211264,0.003136,2387,4876
getitem_27,CHECKPOINT,256,1e-06,2391,4876
getitem_28,CHECKPOINT,256,1e-06,2392,4876
relu__5,RECOMPUTE,3211264,0.003136,2394,4872
convolution_7,CHECKPOINT,12845056,0.012544,2395,4868
getitem_31,CHECKPOINT,1024,1e-06,2399,4868
getitem_32,CHECKPOINT,1024,1e-06,2400,4868
relu__6,CHECKPOINT,12845056,0.012544,2403,4863
convolution_8,CHECKPOINT,3211264,0.003136,2404,4859
getitem_35,CHECKPOINT,256,1e-06,2408,4859
getitem_36,CHECKPOINT,256,1e-06,2409,4859
relu__7,CHECKPOINT,3211264,0.003136,2411,4855
convolution_9,CHECKPOINT,3211264,0.003136,2412,4851
getitem_39,CHECKPOINT,256,1e-06,2416,4851
getitem_40,CHECKPOINT,256,1e-06,2417,4851
relu__8,CHECKPOINT,3211264,0.003136,2419,4847
convolution_10,RECOMPUTE,12845056,0.012544,2420,4843
getitem_43,CHECKPOINT,1024,1e-06,2424,4843
getitem_44,CHECKPOINT,1024,1e-06,2425,4843
relu__9,RECOMPUTE,12845056,0.012544,2428,4815
convolution_11,CHECKPOINT,6422528,0.006272,2429,4834
getitem_47,CHECKPOINT,512,1e-06,2433,4834
getitem_48,CHECKPOINT,512,1e-06,2434,4834
relu__10,CHECKPOINT,6422528,0.006272,2436,4830
convolution_12,CHECKPOINT,1605632,0.001568,2437,4826
getitem_51,CHECKPOINT,512,1e-06,2441,4826
getitem_52,CHECKPOINT,512,1e-06,2442,4826
relu__11,CHECKPOINT,1605632,0.001568,2444,4822
convolution_13,RECOMPUTE,6422528,0.006272,2445,4818
getitem_55,CHECKPOINT,2048,2e-06,2449,4818
getitem_56,CHECKPOINT,2048,2e-06,2450,4818
convolution_14,CHECKPOINT,6422528,0.006272,2452,4811
getitem_59,CHECKPOINT,2048,2e-06,2456,4811
getitem_60,CHECKPOINT,2048,2e-06,2457,4811
relu__12,RECOMPUTE,6422528,0.006272,2460,4806
convolution_15,CHECKPOINT,1605632,0.001568,2461,4802
getitem_63,CHECKPOINT,512,1e-06,2465,4802
getitem_64,CHECKPOINT,512,1e-06,2466,4802
relu__13,CHECKPOINT,1605632,0.001568,2468,4798
convolution_16,CHECKPOINT,1605632,0.001568,2469,4794
getitem_67,CHECKPOINT,512,1e-06,2473,4794
getitem_68,CHECKPOINT,512,1e-06,2474,4794
relu__14,CHECKPOINT,1605632,0.001568,2476,4790
convolution_17,RECOMPUTE,6422528,0.006272,2477,4786
getitem_71,CHECKPOINT,2048,2e-06,2481,4786
getitem_72,CHECKPOINT,2048,2e-06,2482,4786
relu__15,RECOMPUTE,6422528,0.006272,2485,4781
convolution_18,CHECKPOINT,1605632,0.001568,2486,4777
getitem_75,CHECKPOINT,512,1e-06,2490,4777
getitem_76,CHECKPOINT,512,1e-06,2491,4777
relu__16,RECOMPUTE,1605632,0.001568,2493,4773
convolution_19,CHECKPOINT,1605632,0.001568,2494,4769
getitem_79,CHECKPOINT,512,1e-06,2498,4769
getitem_80,CHECKPOINT,512,1e-06,2499,4769
relu__17,CHECKPOINT,1605632,0.001568,2501,4765
convolution_20,RECOMPUTE,6422528,0.006272,2502,4761
getitem_83,CHECKPOINT,2048,2e-06,2506,4761
getitem_84,CHECKPOINT,2048,2e-06,2507,4761
relu__18,CHECKPOINT,6422528,0.006272,2510,4756
convolution_21,CHECKPOINT,1605632,0.001568,2511,4752
getitem_87,CHECKPOINT,512,1e-06,2515,4752
getitem_88,CHECKPOINT,512,1e-06,2516,4752
relu__19,CHECKPOINT,1605632,0.001568,2518,4748
convolution_22,CHECKPOINT,1605632,0.001568,2519,4744
getitem_91,CHECKPOINT,512,1e-06,2523,4744
getitem_92,CHECKPOINT,512,1e-06,2524,4744
relu__20,CHECKPOINT,1605632,0.001568,2526,4740
convolution_23,CHECKPOINT,6422528,0.006272,2527,4736
getitem_95,CHECKPOINT,2048,2e-06,2531,4736
getitem_96,CHECKPOINT,2048,2e-06,2532,4736
relu__21,CHECKPOINT,6422528,0.006272,2535,4731
convolution_24,CHECKPOINT,1605632,0.001568,2536,4727
getitem_99,CHECKPOINT,512,1e-06,2540,4727
getitem_100,CHECKPOINT,512,1e-06,2541,4727
relu__22,CHECKPOINT,1605632,0.001568,2543,4723
convolution_25,RECOMPUTE,1605632,0.001568,2544,4719
getitem_103,CHECKPOINT,512,1e-06,2548,4719
getitem_104,CHECKPOINT,512,1e-06,2549,4719
relu__23,CHECKPOINT,1605632,0.001568,2551,4715
convolution_26,CHECKPOINT,6422528,0.006272,2552,4711
getitem_107,CHECKPOINT,2048,2e-06,2556,4711
getitem_108,CHECKPOINT,2048,2e-06,2557,4711
relu__24,CHECKPOINT,6422528,0.006272,2560,4706
convolution_27,RECOMPUTE,1605632,0.001568,2561,4702
getitem_111,CHECKPOINT,512,1e-06,2565,4702
getitem_112,CHECKPOINT,512,1e-06,2566,4702
relu__25,CHECKPOINT,1605632,0.001568,2568,4698
convolution_28,RECOMPUTE,1605632,0.001568,2569,4694
getitem_115,CHECKPOINT,512,1e-06,2573,4694
getitem_116,CHECKPOINT,512,1e-06,2574,4694
relu__26,CHECKPOINT,1605632,0.001568,2576,4690
convolution_29,CHECKPOINT,6422528,0.006272,2577,4686
getitem_119,CHECKPOINT,2048,2e-06,2581,4686
getitem_120,CHECKPOINT,2048,2e-06,2582,4686
relu__27,RECOMPUTE,6422528,0.006272,2585,4681
convolution_30,CHECKPOINT,1605632,0.001568,2586,4677
getitem_123,CHECKPOINT,512,1e-06,2590,4677
getitem_124,CHECKPOINT,512,1e-06,2591,4677
relu__28,CHECKPOINT,1605632,0.001568,2593,4673
convolution_31,CHECKPOINT,1605632,0.001568,2594,4669
getitem_127,CHECKPOINT,512,1e-06,2598,4669
getitem_128,CHECKPOINT,512,1e-06,2599,4669
relu__29,CHECKPOINT,1605632,0.001568,2601,4665
convolution_32,RECOMPUTE,6422528,0.006272,2602,4661
getitem_131,CHECKPOINT,2048,2e-06,2606,4661
getitem_132,CHECKPOINT,2048,2e-06,2607,4661
relu__30,RECOMPUTE,6422528,0.006272,2610,4656
convolution_33,CHECKPOINT,1605632,0.001568,2611,4652
getitem_135,CHECKPOINT,512,1e-06,2615,4652
getitem_136,CHECKPOINT,512,1e-06,2616,4652
relu__31,RECOMPUTE,1605632,0.001568,2618,4648
convolution_34,RECOMPUTE,1605632,0.001568,2619,4644
getitem_139,CHECKPOINT,512,1e-06,2623,4644
getitem_140,CHECKPOINT,512,1e-06,2624,4644
relu__32,CHECKPOINT,1605632,0.001568,2626,4640
convolution_35,CHECKPOINT,6422528,0.006272,2627,4636
getitem_143,CHECKPOINT,2048,2e-06,2631,4636
getitem_144,CHECKPOINT,2048,2e-06,2632,4636
relu__33,CHECKPOINT,6422528,0.006272,2635,4608
convolution_36,CHECKPOINT,3211264,0.003136,2636,4627
getitem_147,CHECKPOINT,1024,1e-06,2640,4627
getitem_148,CHECKPOINT,1024,1e-06,2641,4627
relu__34,CHECKPOINT,3211264,0.003136,2643,4623
convolution_37,CHECKPOINT,802816,0.000784,2644,4619
getitem_151,CHECKPOINT,1024,1e-06,2648,4619
getitem_152,CHECKPOINT,1024,1e-06,2649,4619
relu__35,CHECKPOINT,802816,0.000784,2651,4615
convolution_38,CHECKPOINT,3211264,0.003136,2652,4611
getitem_155,CHECKPOINT,4096,4e-06,2656,4611
getitem_156,CHECKPOINT,4096,4e-06,2657,4611
convolution_39,CHECKPOINT,3211264,0.003136,2659,4604
getitem_159,CHECKPOINT,4096,4e-06,2663,4604
getitem_160,CHECKPOINT,4096,4e-06,2664,4604
relu__36,CHECKPOINT,3211264,0.003136,2667,4599
convolution_40,CHECKPOINT,802816,0.000784,2668,4595
getitem_163,CHECKPOINT,1024,1e-06,2672,4595
getitem_164,CHECKPOINT,1024,1e-06,2673,4595
relu__37,CHECKPOINT,802816,0.000784,2675,4591
convolution_41,CHECKPOINT,802816,0.000784,2676,4587
getitem_167,CHECKPOINT,1024,1e-06,2680,4587
getitem_168,CHECKPOINT,1024,1e-06,2681,4587
relu__38,CHECKPOINT,802816,0.000784,2683,4583
convolution_42,CHECKPOINT,3211264,0.003136,2684,4579
getitem_171,CHECKPOINT,4096,4e-06,2688,4579
getitem_172,CHECKPOINT,4096,4e-06,2689,4579
relu__39,CHECKPOINT,3211264,0.003136,2692,4574
convolution_43,CHECKPOINT,802816,0.000784,2693,4570
getitem_175,CHECKPOINT,1024,1e-06,2697,4570
getitem_176,CHECKPOINT,1024,1e-06,2698,4570
relu__40,CHECKPOINT,802816,0.000784,2700,4566
convolution_44,CHECKPOINT,802816,0.000784,2701,4562
getitem_179,CHECKPOINT,1024,1e-06,2705,4562
getitem_180,CHECKPOINT,1024,1e-06,2706,4562
relu__41,CHECKPOINT,802816,0.000784,2708,4558
convolution_45,CHECKPOINT,3211264,0.003136,2709,4554
getitem_183,CHECKPOINT,4096,4e-06,2713,4554
getitem_184,CHECKPOINT,4096,4e-06,2714,4554
relu__42,CHECKPOINT,3211264,0.003136,2717,4549
convolution_46,CHECKPOINT,802816,0.000784,2718,4545
getitem_187,CHECKPOINT,1024,1e-06,2722,4545
getitem_188,CHECKPOINT,1024,1e-06,2723,4545
relu__43,CHECKPOINT,802816,0.000784,2725,4541
convolution_47,CHECKPOINT,802816,0.000784,2726,4537
getitem_191,CHECKPOINT,1024,1e-06,2730,4537
getitem_192,CHECKPOINT,1024,1e-06,2731,4537
relu__44,CHECKPOINT,802816,0.000784,2733,4533
convolution_48,CHECKPOINT,3211264,0.003136,2734,4529
getitem_195,CHECKPOINT,4096,4e-06,2738,4529
getitem_196,CHECKPOINT,4096,4e-06,2739,4529
relu__45,CHECKPOINT,3211264,0.003136,2742,4524
convolution_49,CHECKPOINT,802816,0.000784,2743,4520
getitem_199,CHECKPOINT,1024,1e-06,2747,4520
getitem_200,CHECKPOINT,1024,1e-06,2748,4520
relu__46,CHECKPOINT,802816,0.000784,2750,4516
convolution_50,CHECKPOINT,802816,0.000784,2751,4512
getitem_203,CHECKPOINT,1024,1e-06,2755,4512
getitem_204,CHECKPOINT,1024,1e-06,2756,4512
relu__47,CHECKPOINT,802816,0.000784,2758,4508
convolution_51,CHECKPOINT,3211264,0.003136,2759,4504
getitem_207,CHECKPOINT,4096,4e-06,2763,4504
getitem_208,CHECKPOINT,4096,4e-06,2764,4504
relu__48,CHECKPOINT,3211264,0.003136,2767,4499
convolution_52,CHECKPOINT,802816,0.000784,2768,4495
getitem_211,CHECKPOINT,1024,1e-06,2772,4495
getitem_212,CHECKPOINT,1024,1e-06,2773,4495
relu__49,CHECKPOINT,802816,0.000784,2775,4491
convolution_53,CHECKPOINT,802816,0.000784,2776,4487
getitem_215,CHECKPOINT,1024,1e-06,2780,4487
getitem_216,CHECKPOINT,1024,1e-06,2781,4487
relu__50,CHECKPOINT,802816,0.000784,2783,4483
convolution_54,CHECKPOINT,3211264,0.003136,2784,4479
getitem_219,CHECKPOINT,4096,4e-06,2788,4479
getitem_220,CHECKPOINT,4096,4e-06,2789,4479
relu__51,CHECKPOINT,3211264,0.003136,2792,4474
convolution_55,CHECKPOINT,802816,0.000784,2793,4470
getitem_223,CHECKPOINT,1024,1e-06,2797,4470
getitem_224,CHECKPOINT,1024,1e-06,2798,4470
relu__52,CHECKPOINT,802816,0.000784,2800,4466
convolution_56,CHECKPOINT,802816,0.000784,2801,4462
getitem_227,CHECKPOINT,1024,1e-06,2805,4462
getitem_228,CHECKPOINT,1024,1e-06,2806,4462
relu__53,CHECKPOINT,802816,0.000784,2808,4458
convolution_57,CHECKPOINT,3211264,0.003136,2809,4454
getitem_231,CHECKPOINT,4096,4e-06,2813,4454
getitem_232,CHECKPOINT,4096,4e-06,2814,4454
relu__54,RECOMPUTE,3211264,0.003136,2817,4449
convolution_58,CHECKPOINT,802816,0.000784,2818,4445
getitem_235,CHECKPOINT,1024,1e-06,2822,4445
getitem_236,CHECKPOINT,1024,1e-06,2823,4445
relu__55,CHECKPOINT,802816,0.000784,2825,4441
convolution_59,CHECKPOINT,802816,0.000784,2826,4437
getitem_239,CHECKPOINT,1024,1e-06,2830,4437
getitem_240,CHECKPOINT,1024,1e-06,2831,4437
relu__56,CHECKPOINT,802816,0.000784,2833,4433
convolution_60,CHECKPOINT,3211264,0.003136,2834,4429
getitem_243,CHECKPOINT,4096,4e-06,2838,4429
getitem_244,CHECKPOINT,4096,4e-06,2839,4429
relu__57,CHECKPOINT,3211264,0.003136,2842,4424
convolution_61,CHECKPOINT,802816,0.000784,2843,4420
getitem_247,CHECKPOINT,1024,1e-06,2847,4420
getitem_248,CHECKPOINT,1024,1e-06,2848,4420
relu__58,CHECKPOINT,802816,0.000784,2850,4416
convolution_62,CHECKPOINT,802816,0.000784,2851,4412
getitem_251,CHECKPOINT,1024,1e-06,2855,4412
getitem_252,CHECKPOINT,1024,1e-06,2856,4412
relu__59,CHECKPOINT,802816,0.000784,2858,4408
convolution_63,CHECKPOINT,3211264,0.003136,2859,4404
getitem_255,CHECKPOINT,4096,4e-06,2863,4404
getitem_256,CHECKPOINT,4096,4e-06,2864,4404
relu__60,RECOMPUTE,3211264,0.003136,2867,4399
convolution_64,CHECKPOINT,802816,0.000784,2868,4395
getitem_259,CHECKPOINT,1024,1e-06,2872,4395
getitem_260,CHECKPOINT,1024,1e-06,2873,4395
relu__61,CHECKPOINT,802816,0.000784,2875,4391
convolution_65,CHECKPOINT,802816,0.000784,2876,4387
getitem_263,CHECKPOINT,1024,1e-06,2880,4387
getitem_264,CHECKPOINT,1024,1e-06,2881,4387
relu__62,CHECKPOINT,802816,0.000784,2883,4383
convolution_66,CHECKPOINT,3211264,0.003136,2884,4379
getitem_267,CHECKPOINT,4096,4e-06,2888,4379
getitem_268,CHECKPOINT,4096,4e-06,2889,4379
relu__63,CHECKPOINT,3211264,0.003136,2892,4374
convolution_67,CHECKPOINT,802816,0.000784,2893,4370
getitem_271,CHECKPOINT,1024,1e-06,2897,4370
getitem_272,CHECKPOINT,1024,1e-06,2898,4370
relu__64,CHECKPOINT,802816,0.000784,2900,4366
convolution_68,CHECKPOINT,802816,0.000784,2901,4362
getitem_275,CHECKPOINT,1024,1e-06,2905,4362
getitem_276,CHECKPOINT,1024,1e-06,2906,4362
relu__65,CHECKPOINT,802816,0.000784,2908,4358
convolution_69,CHECKPOINT,3211264,0.003136,2909,4354
getitem_279,CHECKPOINT,4096,4e-06,2913,4354
getitem_280,CHECKPOINT,4096,4e-06,2914,4354
relu__66,CHECKPOINT,3211264,0.003136,2917,4349
convolution_70,CHECKPOINT,802816,0.000784,2918,4345
getitem_283,CHECKPOINT,1024,1e-06,2922,4345
getitem_284,CHECKPOINT,1024,1e-06,2923,4345
relu__67,CHECKPOINT,802816,0.000784,2925,4341
convolution_71,CHECKPOINT,802816,0.000784,2926,4337
getitem_287,CHECKPOINT,1024,1e-06,2930,4337
getitem_288,CHECKPOINT,1024,1e-06,2931,4337
relu__68,CHECKPOINT,802816,0.000784,2933,4333
convolution_72,CHECKPOINT,3211264,0.003136,2934,4329
getitem_291,CHECKPOINT,4096,4e-06,2938,4329
getitem_292,CHECKPOINT,4096,4e-06,2939,4329
relu__69,CHECKPOINT,3211264,0.003136,2942,4324
convolution_73,CHECKPOINT,802816,0.000784,2943,4320
getitem_295,CHECKPOINT,1024,1e-06,2947,4320
getitem_296,CHECKPOINT,1024,1e-06,2948,4320
relu__70,CHECKPOINT,802816,0.000784,2950,4316
convolution_74,CHECKPOINT,802816,0.000784,2951,4312
getitem_299,CHECKPOINT,1024,1e-06,2955,4312
getitem_300,CHECKPOINT,1024,1e-06,2956,4312
relu__71,CHECKPOINT,802816,0.000784,2958,4308
convolution_75,RECOMPUTE,3211264,0.003136,2959,4304
getitem_303,CHECKPOINT,4096,4e-06,2963,4304
getitem_304,CHECKPOINT,4096,4e-06,2964,4304
relu__72,CHECKPOINT,3211264,0.003136,2967,4299
convolution_76,CHECKPOINT,802816,0.000784,2968,4295
getitem_307,CHECKPOINT,1024,1e-06,2972,4295
getitem_308,CHECKPOINT,1024,1e-06,2973,4295
relu__73,CHECKPOINT,802816,0.000784,2975,4291
convolution_77,CHECKPOINT,802816,0.000784,2976,4287
getitem_311,CHECKPOINT,1024,1e-06,2980,4287
getitem_312,CHECKPOINT,1024,1e-06,2981,4287
relu__74,CHECKPOINT,802816,0.000784,2983,4283
convolution_78,RECOMPUTE,3211264,0.003136,2984,4279
getitem_315,CHECKPOINT,4096,4e-06,2988,4279
getitem_316,CHECKPOINT,4096,4e-06,2989,4279
relu__75,RECOMPUTE,3211264,0.003136,2992,4274
convolution_79,CHECKPOINT,802816,0.000784,2993,4270
getitem_319,CHECKPOINT,1024,1e-06,2997,4270
getitem_320,CHECKPOINT,1024,1e-06,2998,4270
relu__76,CHECKPOINT,802816,0.000784,3000,4266
convolution_80,CHECKPOINT,802816,0.000784,3001,4262
getitem_323,CHECKPOINT,1024,1e-06,3005,4262
getitem_324,CHECKPOINT,1024,1e-06,3006,4262
relu__77,CHECKPOINT,802816,0.000784,3008,4258
convolution_81,CHECKPOINT,3211264,0.003136,3009,4254
getitem_327,CHECKPOINT,4096,4e-06,3013,4254
getitem_328,CHECKPOINT,4096,4e-06,3014,4254
relu__78,CHECKPOINT,3211264,0.003136,3017,4249
convolution_82,CHECKPOINT,802816,0.000784,3018,4245
getitem_331,CHECKPOINT,1024,1e-06,3022,4245
getitem_332,CHECKPOINT,1024,1e-06,3023,4245
relu__79,CHECKPOINT,802816,0.000784,3025,4241
convolution_83,CHECKPOINT,802816,0.000784,3026,4237
getitem_335,CHECKPOINT,1024,1e-06,3030,4237
getitem_336,CHECKPOINT,1024,1e-06,3031,4237
relu__80,CHECKPOINT,802816,0.000784,3033,4233
convolution_84,CHECKPOINT,3211264,0.003136,3034,4229
getitem_339,CHECKPOINT,4096,4e-06,3038,4229
getitem_340,CHECKPOINT,4096,4e-06,3039,4229
relu__81,RECOMPUTE,3211264,0.003136,3042,4224
convolution_85,CHECKPOINT,802816,0.000784,3043,4220
getitem_343,CHECKPOINT,1024,1e-06,3047,4220
getitem_344,CHECKPOINT,1024,1e-06,3048,4220
relu__82,CHECKPOINT,802816,0.000784,3050,4216
convolution_86,CHECKPOINT,802816,0.000784,3051,4212
getitem_347,CHECKPOINT,1024,1e-06,3055,4212
getitem_348,CHECKPOINT,1024,1e-06,3056,4212
relu__83,CHECKPOINT,802816,0.000784,3058,4208
convolution_87,CHECKPOINT,3211264,0.003136,3059,4204
getitem_351,CHECKPOINT,4096,4e-06,3063,4204
getitem_352,CHECKPOINT,4096,4e-06,3064,4204
relu__84,CHECKPOINT,3211264,0.003136,3067,4199
convolution_88,CHECKPOINT,802816,0.000784,3068,4195
getitem_355,CHECKPOINT,1024,1e-06,3072,4195
getitem_356,CHECKPOINT,1024,1e-06,3073,4195
relu__85,CHECKPOINT,802816,0.000784,3075,4191
convolution_89,CHECKPOINT,802816,0.000784,3076,4187
getitem_359,CHECKPOINT,1024,1e-06,3080,4187
getitem_360,CHECKPOINT,1024,1e-06,3081,4187
relu__86,CHECKPOINT,802816,0.000784,3083,4183
convolution_90,RECOMPUTE,3211264,0.003136,3084,4179
getitem_363,CHECKPOINT,4096,4e-06,3088,4179
getitem_364,CHECKPOINT,4096,4e-06,3089,4179
relu__87,CHECKPOINT,3211264,0.003136,3092,4174
convolution_91,CHECKPOINT,802816,0.000784,3093,4170
getitem_367,CHECKPOINT,1024,1e-06,3097,4170
getitem_368,CHECKPOINT,1024,1e-06,3098,4170
relu__88,CHECKPOINT,802816,0.000784,3100,4166
convolution_92,CHECKPOINT,802816,0.000784,3101,4162
getitem_371,CHECKPOINT,1024,1e-06,3105,4162
getitem_372,CHECKPOINT,1024,1e-06,3106,4162
relu__89,CHECKPOINT,802816,0.000784,3108,4158
convolution_93,RECOMPUTE,3211264,0.003136,3109,4154
getitem_375,CHECKPOINT,4096,4e-06,3113,4154
getitem_376,CHECKPOINT,4096,4e-06,3114,4154
relu__90,RECOMPUTE,3211264,0.003136,3117,4149
convolution_94,CHECKPOINT,802816,0.000784,3118,4145
getitem_379,CHECKPOINT,1024,1e-06,3122,4145
getitem_380,CHECKPOINT,1024,1e-06,3123,4145
relu__91,CHECKPOINT,802816,0.000784,3125,4141
convolution_95,CHECKPOINT,802816,0.000784,3126,4137
getitem_383,CHECKPOINT,1024,1e-06,3130,4137
getitem_384,CHECKPOINT,1024,1e-06,3131,4137
relu__92,CHECKPOINT,802816,0.000784,3133,4133
convolution_96,CHECKPOINT,3211264,0.003136,3134,4129
getitem_387,CHECKPOINT,4096,4e-06,3138,4129
getitem_388,CHECKPOINT,4096,4e-06,3139,4129
relu__93,RECOMPUTE,3211264,0.003136,3142,4124
convolution_97,CHECKPOINT,802816,0.000784,3143,4120
getitem_391,CHECKPOINT,1024,1e-06,3147,4120
getitem_392,CHECKPOINT,1024,1e-06,3148,4120
relu__94,CHECKPOINT,802816,0.000784,3150,4116
convolution_98,CHECKPOINT,802816,0.000784,3151,4112
getitem_395,CHECKPOINT,1024,1e-06,3155,4112
getitem_396,CHECKPOINT,1024,1e-06,3156,4112
relu__95,CHECKPOINT,802816,0.000784,3158,4108
convolution_99,CHECKPOINT,3211264,0.003136,3159,4104
getitem_399,CHECKPOINT,4096,4e-06,3163,4104
getitem_400,CHECKPOINT,4096,4e-06,3164,4104
relu__96,RECOMPUTE,3211264,0.003136,3167,4099
convolution_100,CHECKPOINT,802816,0.000784,3168,4095
getitem_403,CHECKPOINT,1024,1e-06,3172,4095
getitem_404,CHECKPOINT,1024,1e-06,3173,4095
relu__97,CHECKPOINT,802816,0.000784,3175,4091
convolution_101,CHECKPOINT,802816,0.000784,3176,4087
getitem_407,CHECKPOINT,1024,1e-06,3180,4087
getitem_408,CHECKPOINT,1024,1e-06,3181,4087
relu__98,CHECKPOINT,802816,0.000784,3183,4083
convolution_102,CHECKPOINT,3211264,0.003136,3184,4079
getitem_411,CHECKPOINT,4096,4e-06,3188,4079
getitem_412,CHECKPOINT,4096,4e-06,3189,4079
relu__99,RECOMPUTE,3211264,0.003136,3192,4074
convolution_103,CHECKPOINT,802816,0.000784,3193,4070
getitem_415,CHECKPOINT,1024,1e-06,3197,4070
getitem_416,CHECKPOINT,1024,1e-06,3198,4070
relu__100,CHECKPOINT,802816,0.000784,3200,4066
convolution_104,CHECKPOINT,802816,0.000784,3201,4062
getitem_419,CHECKPOINT,1024,1e-06,3205,4062
getitem_420,CHECKPOINT,1024,1e-06,3206,4062
relu__101,CHECKPOINT,802816,0.000784,3208,4058
convolution_105,CHECKPOINT,3211264,0.003136,3209,4054
getitem_423,CHECKPOINT,4096,4e-06,3213,4054
getitem_424,CHECKPOINT,4096,4e-06,3214,4054
relu__102,CHECKPOINT,3211264,0.003136,3217,4049
convolution_106,CHECKPOINT,802816,0.000784,3218,4045
getitem_427,CHECKPOINT,1024,1e-06,3222,4045
getitem_428,CHECKPOINT,1024,1e-06,3223,4045
relu__103,CHECKPOINT,802816,0.000784,3225,4041
convolution_107,CHECKPOINT,802816,0.000784,3226,4037
getitem_431,CHECKPOINT,1024,1e-06,3230,4037
getitem_432,CHECKPOINT,1024,1e-06,3231,4037
relu__104,CHECKPOINT,802816,0.000784,3233,4033
convolution_108,RECOMPUTE,3211264,0.003136,3234,4029
getitem_435,CHECKPOINT,4096,4e-06,3238,4029
getitem_436,CHECKPOINT,4096,4e-06,3239,4029
relu__105,RECOMPUTE,3211264,0.003136,3242,4024
convolution_109,CHECKPOINT,802816,0.000784,3243,4020
getitem_439,CHECKPOINT,1024,1e-06,3247,4020
getitem_440,CHECKPOINT,1024,1e-06,3248,4020
relu__106,CHECKPOINT,802816,0.000784,3250,4016
convolution_110,CHECKPOINT,802816,0.000784,3251,4012
getitem_443,CHECKPOINT,1024,1e-06,3255,4012
getitem_444,CHECKPOINT,1024,1e-06,3256,4012
relu__107,CHECKPOINT,802816,0.000784,3258,4008
convolution_111,CHECKPOINT,3211264,0.003136,3259,4004
getitem_447,CHECKPOINT,4096,4e-06,3263,4004
getitem_448,CHECKPOINT,4096,4e-06,3264,4004
relu__108,RECOMPUTE,3211264,0.003136,3267,3999
convolution_112,CHECKPOINT,802816,0.000784,3268,3995
getitem_451,CHECKPOINT,1024,1e-06,3272,3995
getitem_452,CHECKPOINT,1024,1e-06,3273,3995
relu__109,CHECKPOINT,802816,0.000784,3275,3991
convolution_113,CHECKPOINT,802816,0.000784,3276,3987
getitem_455,CHECKPOINT,1024,1e-06,3280,3987
getitem_456,CHECKPOINT,1024,1e-06,3281,3987
relu__110,CHECKPOINT,802816,0.000784,3283,3983
convolution_114,RECOMPUTE,3211264,0.003136,3284,3979
getitem_459,CHECKPOINT,4096,4e-06,3288,3979
getitem_460,CHECKPOINT,4096,4e-06,3289,3979
relu__111,RECOMPUTE,3211264,0.003136,3292,3974
convolution_115,CHECKPOINT,802816,0.000784,3293,3970
getitem_463,CHECKPOINT,1024,1e-06,3297,3970
getitem_464,CHECKPOINT,1024,1e-06,3298,3970
relu__112,CHECKPOINT,802816,0.000784,3300,3966
convolution_116,CHECKPOINT,802816,0.000784,3301,3962
getitem_467,CHECKPOINT,1024,1e-06,3305,3962
getitem_468,CHECKPOINT,1024,1e-06,3306,3962
relu__113,CHECKPOINT,802816,0.000784,3308,3958
convolution_117,CHECKPOINT,3211264,0.003136,3309,3954
getitem_471,CHECKPOINT,4096,4e-06,3313,3954
getitem_472,CHECKPOINT,4096,4e-06,3314,3954
relu__114,CHECKPOINT,3211264,0.003136,3317,3949
convolution_118,CHECKPOINT,802816,0.000784,3318,3945
getitem_475,CHECKPOINT,1024,1e-06,3322,3945
getitem_476,CHECKPOINT,1024,1e-06,3323,3945
relu__115,CHECKPOINT,802816,0.000784,3325,3941
convolution_119,CHECKPOINT,802816,0.000784,3326,3937
getitem_479,CHECKPOINT,1024,1e-06,3330,3937
getitem_480,CHECKPOINT,1024,1e-06,3331,3937
relu__116,CHECKPOINT,802816,0.000784,3333,3933
convolution_120,CHECKPOINT,3211264,0.003136,3334,3929
getitem_483,CHECKPOINT,4096,4e-06,3338,3929
getitem_484,CHECKPOINT,4096,4e-06,3339,3929
relu__117,CHECKPOINT,3211264,0.003136,3342,3924
convolution_121,CHECKPOINT,802816,0.000784,3343,3920
getitem_487,CHECKPOINT,1024,1e-06,3347,3920
getitem_488,CHECKPOINT,1024,1e-06,3348,3920
relu__118,CHECKPOINT,802816,0.000784,3350,3916
convolution_122,CHECKPOINT,802816,0.000784,3351,3912
getitem_491,CHECKPOINT,1024,1e-06,3355,3912
getitem_492,CHECKPOINT,1024,1e-06,3356,3912
relu__119,CHECKPOINT,802816,0.000784,3358,3908
convolution_123,CHECKPOINT,3211264,0.003136,3359,3904
getitem_495,CHECKPOINT,4096,4e-06,3363,3904
getitem_496,CHECKPOINT,4096,4e-06,3364,3904
relu__120,CHECKPOINT,3211264,0.003136,3367,3899
convolution_124,CHECKPOINT,802816,0.000784,3368,3895
getitem_499,CHECKPOINT,1024,1e-06,3372,3895
getitem_500,CHECKPOINT,1024,1e-06,3373,3895
relu__121,CHECKPOINT,802816,0.000784,3375,3891
convolution_125,CHECKPOINT,802816,0.000784,3376,3887
getitem_503,CHECKPOINT,1024,1e-06,3380,3887
getitem_504,CHECKPOINT,1024,1e-06,3381,3887
relu__122,CHECKPOINT,802816,0.000784,3383,3883
convolution_126,CHECKPOINT,3211264,0.003136,3384,3879
getitem_507,CHECKPOINT,4096,4e-06,3388,3879
getitem_508,CHECKPOINT,4096,4e-06,3389,3879
relu__123,CHECKPOINT,3211264,0.003136,3392,3874
convolution_127,CHECKPOINT,802816,0.000784,3393,3870
getitem_511,CHECKPOINT,1024,1e-06,3397,3870
getitem_512,CHECKPOINT,1024,1e-06,3398,3870
relu__124,CHECKPOINT,802816,0.000784,3400,3866
convolution_128,CHECKPOINT,802816,0.000784,3401,3862
getitem_515,CHECKPOINT,1024,1e-06,3405,3862
getitem_516,CHECKPOINT,1024,1e-06,3406,3862
relu__125,CHECKPOINT,802816,0.000784,3408,3858
convolution_129,RECOMPUTE,3211264,0.003136,3409,3854
getitem_519,CHECKPOINT,4096,4e-06,3413,3854
getitem_520,CHECKPOINT,4096,4e-06,3414,3854
relu__126,CHECKPOINT,3211264,0.003136,3417,3849
convolution_130,CHECKPOINT,802816,0.000784,3418,3845
getitem_523,CHECKPOINT,1024,1e-06,3422,3845
getitem_524,CHECKPOINT,1024,1e-06,3423,3845
relu__127,CHECKPOINT,802816,0.000784,3425,3841
convolution_131,CHECKPOINT,802816,0.000784,3426,3837
getitem_527,CHECKPOINT,1024,1e-06,3430,3837
getitem_528,CHECKPOINT,1024,1e-06,3431,3837
relu__128,CHECKPOINT,802816,0.000784,3433,3833
convolution_132,CHECKPOINT,3211264,0.003136,3434,3829
getitem_531,CHECKPOINT,4096,4e-06,3438,3829
getitem_532,CHECKPOINT,4096,4e-06,3439,3829
relu__129,CHECKPOINT,3211264,0.003136,3442,3824
convolution_133,CHECKPOINT,802816,0.000784,3443,3820
getitem_535,CHECKPOINT,1024,1e-06,3447,3820
getitem_536,CHECKPOINT,1024,1e-06,3448,3820
relu__130,CHECKPOINT,802816,0.000784,3450,3816
convolution_134,CHECKPOINT,802816,0.000784,3451,3812
getitem_539,CHECKPOINT,1024,1e-06,3455,3812
getitem_540,CHECKPOINT,1024,1e-06,3456,3812
relu__131,CHECKPOINT,802816,0.000784,3458,3808
convolution_135,CHECKPOINT,3211264,0.003136,3459,3804
getitem_543,CHECKPOINT,4096,4e-06,3463,3804
getitem_544,CHECKPOINT,4096,4e-06,3464,3804
relu__132,CHECKPOINT,3211264,0.003136,3467,3799
convolution_136,CHECKPOINT,802816,0.000784,3468,3795
getitem_547,CHECKPOINT,1024,1e-06,3472,3795
getitem_548,CHECKPOINT,1024,1e-06,3473,3795
relu__133,CHECKPOINT,802816,0.000784,3475,3791
convolution_137,CHECKPOINT,802816,0.000784,3476,3787
getitem_551,CHECKPOINT,1024,1e-06,3480,3787
getitem_552,CHECKPOINT,1024,1e-06,3481,3787
relu__134,CHECKPOINT,802816,0.000784,3483,3783
convolution_138,CHECKPOINT,3211264,0.003136,3484,3779
getitem_555,CHECKPOINT,4096,4e-06,3488,3779
getitem_556,CHECKPOINT,4096,4e-06,3489,3779
relu__135,RECOMPUTE,3211264,0.003136,3492,3774
convolution_139,CHECKPOINT,802816,0.000784,3493,3770
getitem_559,CHECKPOINT,1024,1e-06,3497,3770
getitem_560,CHECKPOINT,1024,1e-06,3498,3770
relu__136,CHECKPOINT,802816,0.000784,3500,3766
convolution_140,CHECKPOINT,802816,0.000784,3501,3762
getitem_563,CHECKPOINT,1024,1e-06,3505,3762
getitem_564,CHECKPOINT,1024,1e-06,3506,3762
relu__137,CHECKPOINT,802816,0.000784,3508,3758
convolution_141,CHECKPOINT,3211264,0.003136,3509,3754
getitem_567,CHECKPOINT,4096,4e-06,3513,3754
getitem_568,CHECKPOINT,4096,4e-06,3514,3754
relu__138,CHECKPOINT,3211264,0.003136,3517,3749
convolution_142,CHECKPOINT,802816,0.000784,3518,3745
getitem_571,CHECKPOINT,1024,1e-06,3522,3745
getitem_572,CHECKPOINT,1024,1e-06,3523,3745
relu__139,CHECKPOINT,802816,0.000784,3525,3741
convolution_143,CHECKPOINT,802816,0.000784,3526,3737
getitem_575,CHECKPOINT,1024,1e-06,3530,3737
getitem_576,CHECKPOINT,1024,1e-06,3531,3737
relu__140,CHECKPOINT,802816,0.000784,3533,3733
convolution_144,RECOMPUTE,3211264,0.003136,3534,3729
getitem_579,CHECKPOINT,4096,4e-06,3538,3729
getitem_580,CHECKPOINT,4096,4e-06,3539,3729
relu__141,CHECKPOINT,3211264,0.003136,3542,3701
convolution_145,CHECKPOINT,1605632,0.001568,3543,3720
getitem_583,CHECKPOINT,2048,2e-06,3547,3720
getitem_584,CHECKPOINT,2048,2e-06,3548,3720
relu__142,CHECKPOINT,1605632,0.001568,3550,3716
convolution_146,CHECKPOINT,401408,0.0007229760177433,3551,3712
getitem_587,CHECKPOINT,2048,2e-06,3555,3712
getitem_588,CHECKPOINT,2048,2e-06,3556,3712
relu__143,CHECKPOINT,401408,0.000392,3558,3708
convolution_147,CHECKPOINT,1605632,0.001568,3559,3704
getitem_591,CHECKPOINT,8192,8e-06,3563,3704
getitem_592,CHECKPOINT,8192,8e-06,3564,3704
convolution_148,RECOMPUTE,1605632,0.001568,3566,3697
getitem_595,CHECKPOINT,8192,8e-06,3570,3697
getitem_596,CHECKPOINT,8192,8e-06,3571,3697
relu__144,CHECKPOINT,1605632,0.001568,3574,3692
convolution_149,CHECKPOINT,401408,0.000392,3575,3688
getitem_599,CHECKPOINT,2048,2e-06,3579,3688
getitem_600,CHECKPOINT,2048,2e-06,3580,3688
relu__145,CHECKPOINT,401408,0.000392,3582,3684
convolution_150,CHECKPOINT,401408,0.000653744008392,3583,3680
getitem_603,CHECKPOINT,2048,2e-06,3587,3680
getitem_604,CHECKPOINT,2048,2e-06,3588,3680
relu__146,CHECKPOINT,401408,0.000392,3590,3676
convolution_151,CHECKPOINT,1605632,0.001568,3591,3672
getitem_607,CHECKPOINT,8192,8e-06,3595,3672
getitem_608,CHECKPOINT,8192,8e-06,3596,3672
relu__147,CHECKPOINT,1605632,0.001568,3599,3667
convolution_152,CHECKPOINT,401408,0.000392,3600,3663
getitem_611,CHECKPOINT,2048,2e-06,3604,3663
getitem_612,CHECKPOINT,2048,2e-06,3605,3663
relu__148,CHECKPOINT,401408,0.000392,3607,3659
convolution_153,CHECKPOINT,401408,0.0007024639807641,3608,3655
getitem_615,CHECKPOINT,2048,2e-06,3612,3655
getitem_616,CHECKPOINT,2048,2e-06,3613,3655
relu__149,CHECKPOINT,401408,0.000392,3615,3651
convolution_154,CHECKPOINT,1605632,0.001568,3616,3647
getitem_619,CHECKPOINT,8192,8e-06,3620,3647
getitem_620,CHECKPOINT,8192,8e-06,3621,3647
relu__150,CHECKPOINT,1605632,0.001568,3624,3646
view,CHECKPOINT,32768,0.0002416639961302,3626,3638
t,RECOMPUTE,8192000,0.008,3627,3635
